route_id,route_length_m,route_gates_passed,route_gates_total,goal_x_m,goal_y_m,max_episode_seconds,clock_origin_sim_s,duration_s,samples,path_rmse_m,cross_track_rmse_m,path_mae_m,path_p95_m,path_max_m,endpoint_error_m,final_progress_fraction,max_progress_fraction,backtracking_m,reference_length_m,travelled_distance_m,heading_rmse_deg,truth_path_rmse_m,truth_path_p95_m,truth_endpoint_error_m,truth_heading_rmse_deg,odom_truth_position_error_m,trajectory_frame,trajectory_pose_source,reward_pose_source,success,time_seconds,progress_m,remaining_m,endpoint_distance_m,lateral_error_m,heading_error_deg,roll_deg,pitch_deg,attempt,episode_start_time_unix,final_arrival_time_seconds,goal_reached,lidar_min_m,collision_clearance_m,adaptive_terrain_features,next_adaptive_terrain_features,adaptive_terrain_rolling_success,adaptive_terrain_window_episodes,adaptive_terrain_level_advanced,flat_curriculum_stage,next_flat_curriculum_stage,successful_episodes,difficult_path_chosen,challenges_chosen,challenges_cleared,traversable_challenges,challenge_choice_fraction,challenge_clear_fraction,final_lateral_drift_m,final_abs_lateral_drift_m,return,reward_totals,clock_elapsed_seconds,max_clock_error_seconds,max_motion_sensor_lag_seconds,curriculum_phase,terrain_height_scale,terrain_layout,peak_vertical_acceleration_m_s2,rms_vertical_acceleration_m_s2,mean_abs_lateral_error_m,rms_path_deviation_m,max_path_deviation_m,mean_abs_roll_deg,mean_abs_pitch_deg,mean_imu_angular_xy_rad_s,mean_imu_acceleration_change_m_s2,max_tilt_deg,rms_wheel_slip,max_abs_wheel_slip,rms_wheel_torque_nm,max_abs_wheel_torque_nm,rms_imu_acceleration_m_s2,mean_speed_scale,min_speed_scale,max_speed_scale,mean_ground_speed_m_s,waypoint_arrival_times_seconds,waypoint_time_budgets_seconds,finished_within_target_time,time_margin_seconds,target_finish_seconds,final_speed_m_s,final_yaw_rate_rad_s,wrong_direction_duration_seconds,termination,episode,seed,controller,phase,cable_count,cable_diameter_m,cable_angle_deg
,6.45,0,0,6.45,0.0,30.0,31503.504,23.502000000000407,236,0.15813778077851656,0.15759930535535133,0.1173038923676139,0.3426842534655408,0.3604765023018699,0.0931570947546516,1.0,1.0,0.0,6.45,6.563968570830166,8.30785698374322,0.14559197433208262,0.31540311053345904,0.19959923572229624,12.091011511725977,0.2926895081665177,odom,wheel_odometry,ground_truth,True,23.49999999965803,6.45,0.0,0.0931570947546516,0.07224537622863797,9.544952314266872,-7.204879396157474e-09,-2.5426557082400166e-06,1,1791334324.3600545,23.49999999965803,True,1.7911627292633057,,0,0,0.0,0,False,2,2,1,True,2,2,2,1.0,1.0,0.07224537622863797,0.07224537622863797,115.5012571507961,"{'progress': 48.11825375287368, 'lateral': -27.94647233894714, 'heading': -39.51827489078695, 'impact': -3.5721767950647614, 'body_rate': -0.5868267300567763, 'attitude': 0.0, 'slip': -16.7488643996309, 'smoothness': -0.14021624115064557, 'saturation': 0.0, 'effort': -0.044111896412366985, 'residual_effort': -0.2783096989455662, 'torque_rate': -0.011388421466742562, 'velocity': -0.4579071481132692, 'yaw_tracking': -1.0885534009811806, 'goal_braking': -0.20698849679585782, 'time': -11.749999999829015, 'stall': 0.0, 'challenge_entry': 2.0, 'challenge_clear': 8.0, 'challenge_goal': 90.0, 'success_position': -14.14064252251985, 'success_heading': -16.12626362137654, 'on_time_success': 0.0, 'terminal': 100.0}",23.5,3.41970007866621e-10,0.021999999862600816,1,1.0,[],90.7850414760053,4.348447567731714,0.1165208651507493,0.1577940573592633,0.3604765023018699,0.013667168424352557,0.24937111551822258,0.04938406738581651,1.723962973518548,9.025849969152747,0.13010879893292482,1.1298266170385474,0.34251842788214093,1.560000000000001,7.47302051555083,0.711109079547385,0.5923219174146652,0.9877499341964722,0.2714179401546005,"[4.099999999940337, 8.899999999870488, 13.899999999797728]","[8.0, 13.0, 18.0]",False,-1.49999999965803,22.0,0.017188423749801778,1.30177819661842e-06,0.0,success,1,60000,ppo,1,2,0.026,0.28925128098992037
,6.45,0,0,6.45,0.0,30.0,31527.632,20.5,206,0.21148053399157146,0.2113089717447051,0.1796357030294939,0.30565990815659017,0.31212457186056064,0.2343624171569529,1.0,1.0,0.0,6.45,6.5178580973466556,4.280606141196663,0.06930702422923878,0.10974421441847482,0.19887097111472668,4.026682331702425,0.40020579802105616,odom,wheel_odometry,ground_truth,True,20.499999999701686,6.45,0.0,0.2343624171569529,0.2302897671155756,3.0352308543218296,-2.8168911763274203e-09,-2.5416725635780765e-06,2,1791334359.2310758,20.499999999701686,True,1.8640434741973877,1.8472434743162012,0,0,0.0,0,False,2,2,2,True,2,2,2,1.0,1.0,0.2302897671155756,0.2302897671155756,203.9063900675098,"{'progress': 70.53790697024952, 'lateral': -5.547044846916851, 'heading': -3.827708828986776, 'impact': -4.029118889556543, 'body_rate': -0.6104356580511092, 'attitude': 0.0, 'slip': -25.87533404706711, 'smoothness': -0.09490185244452617, 'saturation': 0.0, 'effort': -0.04369653059577827, 'residual_effort': -0.36735806737804616, 'torque_rate': -0.014304374460054043, 'velocity': -0.9651795147049801, 'yaw_tracking': -0.33894233050638745, 'goal_braking': -0.21126746133718927, 'time': -10.249999999850843, 'stall': 0.0, 'challenge_entry': 2.0, 'challenge_clear': 8.0, 'challenge_goal': 90.0, 'success_position': -14.066835234083868, 'success_heading': -3.7984801765685643, 'on_time_success': 3.409090909768896, 'terminal': 100.0}",20.5,2.9831426218152046e-10,0.00999999999839929,1,1.0,[],112.31374217303078,5.000491842153494,0.18004112136604716,0.21161481809978722,0.31212457186056064,0.009671095065079944,0.3300049270299582,0.05624134279049366,0.757500334032751,9.467702986761033,0.17334078378941925,1.1360676844970155,0.36499469840960197,1.680000000000001,5.61447135327547,0.7538651066218934,0.6003348156809807,1.0,0.30605966017819336,"[3.599999999947613, 7.799999999886495, 12.499999999818101]","[8.0, 13.0, 18.0]",True,1.5000000002983143,22.0,0.018467282033259938,-3.5508427451537457e-07,0.0,success,2,60001,ppo,1,2,0.026,-1.5622416308321683
,6.45,0,0,6.45,0.0,30.0,31548.77,30.0,301,0.16370690044979275,0.14091050061462587,0.14648173537410158,0.24957265506565088,0.2622968695272565,0.25867141565367713,1.0,1.0,0.0,6.45,6.694452567891667,4.6400659462405995,0.4286313232802435,0.5935966430358306,0.6098642863214738,16.318786360398658,0.7957964866074118,odom,wheel_odometry,ground_truth,False,29.999999999563443,6.45,0.0,0.25867141565367713,0.12680375700694294,4.7159344782865364,-9.118658063878916e-09,-2.543318950233796e-06,3,1791334388.4042013,,False,1.3244305849075317,1.2924305850829114,0,0,0.0,0,False,2,2,2,True,2,2,2,1.0,1.0,0.12680375700694294,0.12680375700694294,-479.7854695266649,"{'progress': 56.67589817759994, 'lateral': -309.6858706427375, 'heading': -91.81870533218336, 'impact': -3.690483742778964, 'body_rate': -0.610660926047012, 'attitude': 0.0, 'slip': -23.342262296472153, 'smoothness': -0.08272687563915827, 'saturation': 0.0, 'effort': -0.051152807042408495, 'residual_effort': -0.37409587951636375, 'torque_rate': -0.011038198925054837, 'velocity': -0.9745928517855591, 'yaw_tracking': -0.6470785574772377, 'goal_braking': -0.17269959387838743, 'time': -14.999999999781721, 'stall': 0.0, 'challenge_entry': 2.0, 'challenge_clear': 8.0, 'challenge_goal': 0.0, 'success_position': 0.0, 'success_heading': 0.0, 'on_time_success': 0.0, 'terminal': -100.0}",30.0,4.3655745685100555e-10,0.01999999999679858,1,1.0,[],17.291412406593068,0.9367611974779653,0.12662350172109546,0.1410055596000236,0.2622968695272565,0.0046091121848892995,0.19033055659023151,0.03753012055148187,0.4647927986712237,11.46211866611561,0.13156455227266364,1.0569487419525636,0.3264480785769285,1.7600000000000011,5.629256639485066,0.7315894250075022,0.5702929645776749,1.0,0.21646181470759168,"[3.599999999947613, 7.5999999998894054, 12.799999999813735]","[8.0, 13.0, 18.0]",False,-7.9999999995634425,22.0,0.018477760612164544,2.773178608734969e-07,0.0,timeout,3,60002,ppo,1,2,0.026,0.5094698139313292
,6.45,0,0,6.45,0.0,30.0,31579.402,16.200000000000728,163,0.16751403631214037,0.16751403631214037,0.13900382877520104,0.23090741641247603,0.23285809765420315,0.21463215373711028,0.995158672029764,0.995158672029764,0.0,6.45,6.428469534700709,2.8720517159355197,0.05003225130175888,0.09171191861820316,0.19906513734589093,2.5233249215565814,0.33773394200670437,odom,wheel_odometry,ground_truth,True,16.19999999976426,6.418773434591978,0.031226565408021933,0.21463215373711028,0.21234844720564608,0.8820273173324095,-2.0529418779165097e-09,-2.5415639866128986e-06,4,1791334428.8567407,16.19999999976426,True,1.89225435256958,1.8874543526631897,0,0,0.0,0,False,2,2,3,True,2,2,2,1.0,1.0,0.21234844720564608,0.21234844720564608,225.79634852774026,"{'progress': 71.613701848774, 'lateral': -2.294100649984985, 'heading': -1.1907686326452012, 'impact': -4.03706996126121, 'body_rate': -0.5819459034418829, 'attitude': 0.0, 'slip': -24.66947174204282, 'smoothness': -0.1699636225626973, 'saturation': 0.0, 'effort': -0.04401420963528439, 'residual_effort': -0.3616749242138903, 'torque_rate': -0.010079085948801959, 'velocity': -0.9427352993523247, 'yaw_tracking': -0.3485329305975132, 'goal_braking': -0.23999271457877103, 'time': -8.09999999988213, 'stall': 0.0, 'challenge_entry': 2.0, 'challenge_clear': 8.0, 'challenge_goal': 90.0, 'success_position': -14.086520471554962, 'success_heading': -1.9223013556852009, 'on_time_success': 13.181818182353958, 'terminal': 100.0}",16.200000000000728,2.3646862246096134e-10,0.011999999998806743,1,1.0,[],98.20742886353766,4.18415808560673,0.13965922521720972,0.16792892775918541,0.23285809765420315,0.006049710496879858,0.39296736012044226,0.06900946308667566,2.0119460456119764,10.055601175403147,0.1844080650977062,1.1650277407599368,0.41207755040284155,1.6237161403003157,6.921054434152471,0.7711244355197306,0.6375762373209,1.0,0.385950722747601,"[3.599999999947613, 7.5999999998894054, 11.999999999825377]","[8.0, 13.0, 18.0]",True,5.800000000235741,22.0,0.018671024835172422,-3.2547113021441145e-07,0.0,success,4,60003,ppo,1,2,0.026,1.2563990765090982
,6.45,0,0,6.45,0.0,30.0,31596.238,30.0,301,0.2957248243291529,0.2842608041429914,0.26287800868581257,0.381602082952826,0.3960568984435495,0.3960568984435495,1.0,1.0,0.0,6.45,6.697935226070036,3.5111530105569737,0.3548265221918183,0.4845638244224924,0.49138667319570045,11.667070560597498,0.8507421507114706,odom,wheel_odometry,ground_truth,False,29.999999999563443,6.45,0.0,0.3960568984435495,0.32768239522601555,0.8460262539412202,-6.671502760658915e-09,-2.542453403609405e-06,5,1791334451.7718651,,False,1.4509072303771973,1.4317072305522742,0,0,0.0,0,False,2,2,3,True,2,2,2,1.0,1.0,0.32768239522601555,0.32768239522601555,-337.18620781734705,"{'progress': 58.55125039432623, 'lateral': -212.108702890105, 'heading': -46.92758158969703, 'impact': -3.8244135214865933, 'body_rate': -0.44834693472217835, 'attitude': 0.0, 'slip': -25.23835657301367, 'smoothness': -0.06461537520223268, 'saturation': 0.0, 'effort': -0.04372153066831012, 'residual_effort': -0.3659253839250845, 'torque_rate': -0.011051654597042626, 'velocity': -0.9135325317777604, 'yaw_tracking': -0.5998725125552364, 'goal_braking': -0.19133771414139109, 'time': -14.999999999781721, 'stall': 0.0, 'challenge_entry': 2.0, 'challenge_clear': 8.0, 'challenge_goal': 0.0, 'success_position': 0.0, 'success_heading': 0.0, 'on_time_success': 0.0, 'terminal': -100.0}",30.0,4.3655745685100555e-10,0.00999999999839929,1,1.0,[],34.37644974722821,1.2334098708538903,0.25390785651473036,0.284575410671612,0.34488152895366825,0.002531717725989092,0.18905020423232205,0.03062248964434412,0.4795834913190344,7.912568102796508,0.1389101417733749,1.0979412107647224,0.3018054377027881,1.700000000000001,5.682727467149051,0.7282798781991004,0.65418641269207,1.0,0.21614541807383125,"[3.599999999947613, 7.69999999988795, 12.399999999819556]","[8.0, 13.0, 18.0]",False,-7.9999999995634425,22.0,0.018380770317700003,-5.824752486064638e-06,0.0,timeout,5,60004,ppo,1,2,0.026,0.14435646259089197
,6.45,0,0,6.45,0.0,30.0,31626.874,13.80199999999968,139,0.19730428654672455,0.19730428654672455,0.14721522391322342,0.29772332526935813,0.29790803922767134,0.3087210318074907,0.9874433194035267,0.9874433194035267,0.0,6.45,6.387419912817791,4.158028146433228,0.07715500754014601,0.17020309145388163,0.19732095235877908,5.577386462090775,0.38172164698699396,odom,wheel_odometry,ground_truth,True,13.799999999799184,6.3690094101527475,0.08099058984725271,0.3087210318074907,0.29790803922767134,-0.3424939242485951,-4.0883724939784126e-09,-2.5129970182092607e-06,6,1791334492.2923138,13.799999999799184,True,1.8955928087234497,1.8627928088026238,0,0,0.0,0,False,2,2,4,True,2,2,2,1.0,1.0,0.29790803922767134,0.29790803922767134,229.54964508168763,"{'progress': 63.75184560995873, 'lateral': -4.612114993182288, 'heading': -4.960989148876456, 'impact': -2.890810925202869, 'body_rate': -0.5551278034976506, 'attitude': 0.0, 'slip': -9.31521780655475, 'smoothness': -0.05820170670690914, 'saturation': 0.0, 'effort': -0.03516315487810803, 'residual_effort': -0.35829280639236555, 'torque_rate': -0.00971987878249747, 'velocity': -0.8771879648095644, 'yaw_tracking': -0.4150576057021515, 'goal_braking': -0.26218224963266573, 'time': -6.899999999899592, 'stall': 0.0, 'challenge_entry': 2.0, 'challenge_clear': 8.0, 'challenge_goal': 90.0, 'success_position': -13.909509427384343, 'success_heading': -7.678988693588952, 'on_time_success': 18.63636363682004, 'terminal': 100.0}",13.799999999999272,2.000888343900442e-10,0.008000000001629815,1,1.0,[],208.54121696424787,8.279113346992014,0.1482728636056203,0.19809941217961824,0.29790803922767134,0.009579221433790593,0.4074617259201523,0.08062332153377265,0.758870309762732,10.156960877950548,0.12878730773240687,1.110077829108312,0.3990656823560858,1.50414491814739,5.611570491831699,0.781530548049056,0.6265036165714264,1.0,0.4543963297857766,"[3.599999999947613, 7.499999999890861, 11.699999999829743]","[8.0, 13.0, 18.0]",True,8.200000000200816,22.0,0.03222411952798308,-6.840670503767773e-06,0.0,success,6,60005,ppo,1,2,0.026,0.44577959609021267
,6.45,0,0,6.45,0.0,30.0,31641.304,24.700000000000728,248,0.18422765239104574,0.18059520177902375,0.1608936438256542,0.29189761757271326,0.30054741734341567,0.21161379811955786,1.0,1.0,0.0,6.45,6.59734374709306,4.479510034449241,0.08047035619992153,0.11829764451511518,0.19993670820694126,3.319954505846078,0.4064393404249906,odom,wheel_odometry,ground_truth,True,24.699999999640568,6.45,0.0,0.21161379811955786,0.1732241107640491,3.5933861517267935,-2.2530534433346473e-09,-2.541527313688603e-06,7,1791334512.162155,24.699999999640568,True,1.8623197078704834,1.8535197080142098,0,0,0.0,0,False,2,2,5,True,2,2,2,1.0,1.0,0.1732241107640491,0.1732241107640491,180.3337003599411,"{'progress': 71.18985585037196, 'lateral': -8.993661127674585, 'heading': -3.1312413250060196, 'impact': -3.995665290364895, 'body_rate': -1.2272472892057074, 'attitude': 0.0, 'slip': -42.7510081283196, 'smoothness': -0.09376263142294788, 'saturation': 0.0, 'effort': -0.06583586346111399, 'residual_effort': -0.3723952826004104, 'torque_rate': -0.010025736283318473, 'velocity': -1.0377664834398324, 'yaw_tracking': -0.11097455425601616, 'goal_braking': -0.17838540574577252, 'time': -12.349999999820284, 'stall': 0.0, 'challenge_entry': 2.0, 'challenge_clear': 8.0, 'challenge_goal': 90.0, 'success_position': -14.174819324724055, 'success_heading': -2.3633670481064692, 'on_time_success': 0.0, 'terminal': 100.0}",24.700000000000728,3.601599019020796e-10,0.018000000000029104,1,1.0,[],181.77635052361705,5.241235584017835,0.15769789122870057,0.1807632954882948,0.30054741734341567,0.002002143980528896,0.25863562428091735,0.06442564296381732,0.6354785639679739,10.089851035950813,0.20286972913997287,1.0831160781956812,0.4081528186049957,1.6865879932924008,5.631777742954463,0.7418670213294898,0.6138943582773209,1.0,0.25692861691224683,"[3.599999999947613, 7.5999999998894054, 12.89999999981228]","[8.0, 13.0, 18.0]",False,-2.6999999996405677,22.0,0.018262981165489287,1.0696355210641204e-07,0.0,success,7,60006,ppo,1,2,0.026,-0.29897225724564835
,6.45,0,0,6.45,0.0,30.0,31666.656,30.0,301,0.1563391036911781,0.13549669331415187,0.13570319990172464,0.2792927142109692,0.293565693036782,0.24389901259637417,1.0,1.0,0.0,6.45,6.7020126710534385,4.128110892852147,0.29486419469675634,0.41480392635285046,0.4689162255629503,11.611765897960634,0.5218246220874216,odom,wheel_odometry,ground_truth,False,29.999999999563443,6.45,0.0,0.24389901259637417,0.1133607562505889,1.2696823347228336,6.162455848690694e-09,-2.5423085569854876e-06,8,1791334545.7128358,,False,1.5223811864852905,1.4951811866587377,0,0,0.0,0,False,2,2,5,True,2,2,2,1.0,1.0,0.1133607562505889,0.1133607562505889,-303.9397669628941,"{'progress': 59.71157706746244, 'lateral': -146.50852981841817, 'heading': -46.489437769866726, 'impact': -3.843106209010441, 'body_rate': -0.4556610952661167, 'attitude': 0.0, 'slip': -58.91301336335737, 'smoothness': -0.10767955979413082, 'saturation': 0.0, 'effort': -0.08222308920340725, 'residual_effort': -0.382040232692052, 'torque_rate': -0.011610240315600963, 'velocity': -1.052843666593285, 'yaw_tracking': -0.6721434336850323, 'goal_braking': -0.13305555237258906, 'time': -14.999999999781721, 'stall': 0.0, 'challenge_entry': 2.0, 'challenge_clear': 8.0, 'challenge_goal': 0.0, 'success_position': 0.0, 'success_heading': 0.0, 'on_time_success': 0.0, 'terminal': -100.0}",30.0,4.3655745685100555e-10,0.011999999998806743,1,1.0,[],74.17805400686281,2.1396132467348594,0.11637521292191337,0.13557570456206072,0.293565693036782,0.011083294560239204,0.19476024998735741,0.033185471576914795,0.700691844687425,9.73732994320484,0.21737003052289866,1.1183772893070065,0.4138817494280112,1.7306990769404944,5.704898158649997,0.7323729922374089,0.6411021798849106,1.0,0.20984870686412857,"[3.599999999947613, 7.499999999890861, 16.299999999762804]","[8.0, 13.0, 18.0]",False,-7.9999999995634425,22.0,0.01847889604741228,5.827080389938181e-06,0.0,timeout,8,60007,ppo,1,2,0.026,-0.8355645547929891
,6.45,0,0,6.45,0.0,30.0,31697.292,24.899999999997817,250,0.1317000566752986,0.12961773336395493,0.10763009070789263,0.25824595280468504,0.27505154044421926,0.12447489999594744,1.0,1.0,0.0,6.45,6.564448238024614,5.504872602593765,0.12003635555284571,0.20898820856209294,0.19943846868101953,9.232255610955853,0.3233974616513651,odom,wheel_odometry,ground_truth,True,24.899999999637657,6.45,0.0,0.12447489999594744,0.08743615945209907,5.959873350196009,-5.548204397408409e-09,-2.5422319584234784e-06,9,1791334585.840702,24.899999999637657,True,1.7987405061721802,,0,0,0.0,0,False,2,2,6,True,2,2,2,1.0,1.0,0.08743615945209907,0.08743615945209907,153.67502255741903,"{'progress': 57.497722056408094, 'lateral': -20.151485892088754, 'heading': -24.406103615523307, 'impact': -2.783311115351826, 'body_rate': -0.46400238897944596, 'attitude': 0.0, 'slip': -15.393350145013558, 'smoothness': -0.19059749571105744, 'saturation': 0.0, 'effort': -0.04524276118338169, 'residual_effort': -0.2773429158825257, 'torque_rate': -0.011242410764008934, 'velocity': -0.4739062986543925, 'yaw_tracking': -0.7351660045232401, 'goal_braking': -0.1965660816662115, 'time': -12.449999999818829, 'stall': 0.0, 'challenge_entry': 2.0, 'challenge_clear': 8.0, 'challenge_goal': 90.0, 'success_position': -14.12435558501381, 'success_heading': -12.120026788814698, 'on_time_success': 0.0, 'terminal': 100.0}",24.899999999997817,3.601599019020796e-10,0.013999999999214197,1,1.0,[],83.27785636851922,2.4967564198082477,0.10511599274982213,0.1296769384765406,0.27505154044421926,0.013713718079636015,0.22953769866557605,0.03957886686807514,0.8641246966002739,9.595929750166226,0.12499741614475691,1.233853908155019,0.33698834927976573,1.6258536323768031,5.777000337219469,0.7055411028514904,0.5836992561817169,1.0,0.2558896640495981,"[4.099999999940337, 8.599999999874854, 13.699999999800639]","[8.0, 13.0, 18.0]",False,-2.8999999996376573,22.0,0.017176999670407173,5.519033810628353e-06,0.0,success,9,60008,ppo,1,2,0.026,0.7090555828954743
,6.45,0,0,6.45,0.0,30.0,31722.83,30.0,301,0.16062897501695106,0.13790095506320132,0.13874961845355138,0.2654931259365541,0.2876500913050117,0.2876500913050117,1.0,1.0,0.0,6.45,6.6813598531429,3.68524855014523,0.15560824102873191,0.21993207581766705,0.2252310530493353,8.153518014789208,0.2125261694523763,odom,wheel_odometry,ground_truth,False,29.999999999563443,6.45,0.0,0.2876500913050117,0.18110339835075392,-4.176876011139506,4.11089323269155e-09,-2.54186022474796e-06,10,1791334619.439636,,False,1.7347989082336426,1.7187989084079163,0,0,0.0,0,False,2,2,6,True,2,2,2,1.0,1.0,0.18110339835075392,0.18110339835075392,-128.39582828150722,"{'progress': 66.06086199930527, 'lateral': -40.79329085865202, 'heading': -22.914735888441523, 'impact': -3.754132370143847, 'body_rate': -0.45719020325507365, 'attitude': 0.0, 'slip': -19.490053519857142, 'smoothness': -0.0955376695845142, 'saturation': 0.0, 'effort': -0.04896841779703442, 'residual_effort': -0.3884593475913443, 'torque_rate': -0.01147865675634946, 'velocity': -1.002229080502828, 'yaw_tracking': -0.27922749485045817, 'goal_braking': -0.22138677359850936, 'time': -14.999999999781721, 'stall': 0.0, 'challenge_entry': 2.0, 'challenge_clear': 8.0, 'challenge_goal': 0.0, 'success_position': 0.0, 'success_heading': 0.0, 'on_time_success': 0.0, 'terminal': -100.0}",30.0,4.3655745685100555e-10,0.019999999985884642,1,1.0,[],208.34530126025084,5.955454459493917,0.122898769540833,0.1380990133038556,0.18110339835075392,0.0028167516461743624,0.2006472571924042,0.03424998929859803,1.35893276583024,10.435323358781742,0.12366989308957693,1.1383448609020266,0.3194018426350098,1.8000000000000012,7.248843258840207,0.729771614993612,0.6185743436217308,1.0,0.21578935591394835,"[3.599999999947613, 7.399999999892316, 12.099999999823922]","[8.0, 13.0, 18.0]",False,-7.9999999995634425,22.0,0.01837967726998773,6.178297525419692e-08,0.0,timeout,10,60009,ppo,1,2,0.026,-0.7943022866935214
,6.45,0,0,6.45,0.0,30.0,31753.464,30.0,301,0.18169606560295862,0.16121918640517277,0.15871458577950456,0.3076216946592156,0.34637074669871765,0.255387025927184,1.0,1.0,0.0,6.45,6.716981878742548,7.093270558228659,0.4410020612319007,0.6157547298027045,0.6277559471412003,19.33912090081869,0.7905103658273832,odom,wheel_odometry,ground_truth,False,29.999999999563443,6.45,0.0,0.255387025927184,0.11903763525752521,7.515256104687281,-1.0577944270810281e-08,-2.5440897443623806e-06,11,1791334660.745971,,False,1.2872719764709473,1.2576719766468158,0,0,0.0,0,False,2,2,6,True,2,2,2,1.0,1.0,0.11903763525752521,0.11903763525752521,-534.6453254889446,"{'progress': 52.32571077430201, 'lateral': -327.70363891984414, 'heading': -128.93116280806453, 'impact': -2.869204371774536, 'body_rate': -0.48227427443724685, 'attitude': 0.0, 'slip': -19.489170444038802, 'smoothness': -0.1395713283122344, 'saturation': 0.0, 'effort': -0.04123161679577586, 'residual_effort': -0.3637807691288125, 'torque_rate': -0.011388624011637575, 'velocity': -0.9123232632058174, 'yaw_tracking': -0.820227033286894, 'goal_braking': -0.20706281056406933, 'time': -14.999999999781721, 'stall': 0.0, 'challenge_entry': 2.0, 'challenge_clear': 8.0, 'challenge_goal': 0.0, 'success_position': 0.0, 'success_heading': 0.0, 'on_time_success': 0.0, 'terminal': -100.0}",30.0,4.3655745685100555e-10,0.013999999995576218,1,1.0,[],217.7236293912042,5.6643825467030045,0.13819798277250664,0.16129241353152743,0.34637074669871765,0.01708146582169718,0.17314770645639244,0.032172186995655744,2.068481618701826,10.181489723430717,0.12298941544929513,1.1303317250118992,0.29308565583992047,1.7067268962758237,9.476805955990466,0.7308474141856035,0.6342939734458923,1.0,0.2190210536652872,"[3.599999999947613, 7.5999999998894054, 12.299999999821011]","[8.0, 13.0, 18.0]",False,-7.9999999995634425,22.0,0.018522931569678467,6.287964188758041e-07,0.0,timeout,11,60010,ppo,1,2,0.026,0.5195726096457882
,6.45,0,0,6.45,0.0,30.0,31784.098,30.0,301,0.24041346687511767,0.22829302902280615,0.2198932155520052,0.30807773668305466,0.3243467218558364,0.3243467218558364,1.0,1.0,0.0,6.45,6.675152004904922,2.9846349845004543,0.19106145677101183,0.2539172274300247,0.25735792831972926,4.831263822718067,0.5382789196551039,odom,wheel_odometry,ground_truth,False,29.999999999563443,6.45,0.0,0.3243467218558364,0.24687730827331883,1.9075178671997466,-2.8612232087838123e-09,-2.5416471782588975e-06,12,1791334700.9459405,,False,1.714644193649292,1.7106441938231,0,0,0.0,0,False,2,2,6,True,2,2,2,1.0,1.0,0.24687730827331883,0.24687730827331883,-141.46538051034284,"{'progress': 63.14786258550428, 'lateral': -61.47988998920375, 'heading': -8.045078661225759, 'impact': -3.5045386784627923, 'body_rate': -0.4063383858538538, 'attitude': 0.0, 'slip': -23.788592053462533, 'smoothness': -0.30735636132393973, 'saturation': 0.0, 'effort': -0.04426474276271275, 'residual_effort': -0.3416820002643597, 'torque_rate': -0.012482086500022423, 'velocity': -0.79849693090309, 'yaw_tracking': -0.6764375837074447, 'goal_braking': -0.2080856223951182, 'time': -14.999999999781721, 'stall': 0.0, 'challenge_entry': 2.0, 'challenge_clear': 8.0, 'challenge_goal': 0.0, 'success_position': 0.0, 'success_heading': 0.0, 'on_time_success': 0.0, 'terminal': -100.0}",30.0,4.3655745685100555e-10,0.011999999998806743,1,1.0,[],110.65905343316146,3.054713196866792,0.20987656941245164,0.22851539942851132,0.2983009062639086,0.010834567885570816,0.20170300426720014,0.029465973033732672,1.2068188358986558,8.29660973469315,0.13693467832080072,1.117082114946495,0.30367451998863315,1.560000000000001,6.272620565906478,0.7222136034568151,0.5422737449407578,1.0,0.21531155459116083,"[3.699999999946158, 8.199999999880674, 12.599999999816646]","[8.0, 13.0, 18.0]",False,-7.9999999995634425,22.0,0.01833600262410725,-8.190605854160765e-07,0.0,timeout,12,60011,ppo,1,2,0.026,-1.819160285471809
,6.45,0,0,6.45,0.0,30.0,31814.734,30.0,301,0.10759095971192077,0.10750365044607797,0.0766690834546437,0.2716416755892035,0.3074943290494055,0.0499712564728618,1.0,1.0,0.0,6.45,6.4964169435233945,7.446987330753038,0.25263353546573214,0.31684465383449145,0.366559087189935,14.798502667102952,0.41317335268820765,odom,wheel_odometry,ground_truth,False,29.999999999563443,6.45,0.0,0.0499712564728618,0.049520412889017214,8.101644757524761,-8.407715804259013e-09,-2.5428694055890167e-06,13,1791334740.0627038,,False,1.6141585111618042,1.598158511336078,0,0,0.0,0,False,2,2,6,True,2,2,2,1.0,1.0,0.049520412889017214,0.049520412889017214,-253.42253670241186,"{'progress': 51.066003246678974, 'lateral': -107.43610247548969, 'heading': -75.48029395153395, 'impact': -3.316304335569512, 'body_rate': -0.660246238997309, 'attitude': 0.0, 'slip': -9.941190107265133, 'smoothness': -0.133412142228257, 'saturation': 0.0, 'effort': -0.038022007571810394, 'residual_effort': -0.36750127766537116, 'torque_rate': -0.008902141676151581, 'velocity': -0.9397002056074201, 'yaw_tracking': -0.9111822379141228, 'goal_braking': -0.2556828277904691, 'time': -14.999999999781721, 'stall': 0.0, 'challenge_entry': 2.0, 'challenge_clear': 8.0, 'challenge_goal': 0.0, 'success_position': 0.0, 'success_heading': 0.0, 'on_time_success': 0.0, 'terminal': -100.0}",30.0,4.3655745685100555e-10,0.020000000000436557,1,1.0,[],91.1445098272902,2.4711646349146,0.07656286610891057,0.10752265797520849,0.3074943290494055,0.0089941025380477,0.18229059986036383,0.035558104371670826,1.2440449008813237,10.640784246814459,0.08836545671852748,1.1639631815478313,0.281447181147294,1.600000000000001,7.3367109352928725,0.7362412851055463,0.40426988899707794,1.0,0.21361818360418203,"[3.599999999947613, 7.5999999998894054, 11.799999999828287]","[8.0, 13.0, 18.0]",False,-7.9999999995634425,22.0,-2.4305166002871538e-15,-9.35408042163548e-18,0.0,timeout,13,60012,ppo,1,2,0.026,1.0202586675872451
,6.45,0,0,6.45,0.0,30.0,31845.362,21.899999999997817,220,0.24827035634374567,0.24767495688205002,0.19498324133492703,0.3567653187376062,0.36244485263260917,0.36244485263260917,1.0,1.0,0.0,6.45,6.544922139605709,5.819147109049308,0.12043398559631746,0.21201149780816847,0.19997871486043528,3.9718214423612923,0.3386303516901279,odom,wheel_odometry,ground_truth,True,21.899999999681313,6.45,0.0,0.36244485263260917,0.3554874515960495,-6.660016342240716,-2.211314279501892e-09,-2.541531971097655e-06,14,1791334779.416465,21.899999999681313,True,1.896051287651062,1.8680512877792352,0,0,0.0,0,False,2,2,7,True,2,2,2,1.0,1.0,0.3554874515960495,0.3554874515960495,176.5818492616773,"{'progress': 58.2407511669607, 'lateral': -17.816705733994926, 'heading': -3.970494742238983, 'impact': -4.590563521693275, 'body_rate': -0.26621914730677565, 'attitude': 0.0, 'slip': -25.479381898739852, 'smoothness': -0.10682123687624802, 'saturation': 0.0, 'effort': -0.047224306952487166, 'residual_effort': -0.3762001491229125, 'torque_rate': -0.01018072264061226, 'velocity': -1.0627301313804423, 'yaw_tracking': -0.544134167931242, 'goal_braking': -0.1797744107985376, 'time': -10.949999999840657, 'stall': 0.0, 'challenge_entry': 2.0, 'challenge_clear': 8.0, 'challenge_goal': 90.0, 'success_position': -14.17907233598546, 'success_heading': -2.306672127778002, 'on_time_success': 0.22727272799701578, 'terminal': 100.0}",21.900000000001455,3.2014213502407074e-10,0.00999999999839929,1,1.0,[],29.48471380671964,1.5577699518367647,0.19537956144179583,0.24825672857100847,0.3554874515960495,0.007131028924396946,0.2713447712249907,0.03614876829492332,0.787640482148078,7.608437495384531,0.165084738436364,1.18191999970597,0.3671138318092013,1.5983760157903875,5.8171583321708304,0.7462842622644281,0.6245279088616371,1.0,0.2899890663466516,"[3.599999999947613, 7.89999999988504, 12.399999999819556]","[8.0, 13.0, 18.0]",True,0.10000000031868694,22.0,0.018284876045884232,-7.35281505151784e-06,0.0,success,14,60013,ppo,1,2,0.026,0.27916580012296377
,6.45,0,0,6.45,0.0,30.0,31867.894,20.200000000000728,203,0.17295872190296732,0.17295872190296732,0.12417472311936502,0.2793129699548619,0.2812855576487336,0.2812981246795713,0.999587759941169,0.999587759941169,0.0,6.45,6.464560292405535,5.1304266481157095,0.09774471660848336,0.12989074827348113,0.19973211158347703,1.7990235726849997,0.21239194097511274,odom,wheel_odometry,ground_truth,True,20.19999999970605,6.4473410516205405,0.00265894837945968,0.2812981246795713,0.2812855576487336,-6.549742560529479,-2.3750688207441667e-10,-2.544645096131029e-06,15,1791334808.637393,20.19999999970605,True,1.8644030094146729,,0,0,0.0,0,False,2,2,8,True,2,2,2,1.0,1.0,0.2812855576487336,0.2812855576487336,213.18696652696053,"{'progress': 66.34595606980713, 'lateral': -10.850587477374702, 'heading': -0.7494627778725439, 'impact': -2.5762759505377835, 'body_rate': -0.4338539730149371, 'attitude': 0.0, 'slip': -17.05033665272295, 'smoothness': -0.09218877222475383, 'saturation': 0.0, 'effort': -0.04471671730519047, 'residual_effort': -0.2825137224346595, 'torque_rate': -0.011555093219363429, 'velocity': -0.4606905282847705, 'yaw_tracking': -0.2507679317673814, 'goal_braking': -0.18797802870409244, 'time': -10.099999999853026, 'stall': 0.0, 'challenge_entry': 2.0, 'challenge_clear': 8.0, 'challenge_goal': 90.0, 'success_position': -14.154101148536355, 'success_heading': -0.004869860571188734, 'on_time_success': 4.0909090915771555, 'terminal': 100.0}",20.200000000000728,2.9467628337442875e-10,0.00999999999839929,1,1.0,[],86.85529011981427,2.871566263564518,0.12487097449967767,0.17352396070883944,0.2812855576487336,0.010733562021825151,0.2667074233540177,0.04621900408461555,0.7029608065208868,7.799910767828704,0.1367802823305592,1.0730983552087856,0.3719626053555979,1.7224418112439395,5.662113024874144,0.7153496001616563,0.5646949708461761,0.9814277291297913,0.31006502360823773,"[4.099999999940337, 8.499999999876309, 13.49999999980355]","[8.0, 13.0, 18.0]",True,1.8000000002939487,22.0,0.018064998344750772,-1.6987041518939832e-06,0.0,success,15,60014,ppo,1,2,0.026,0.013316803976819003
,6.45,0,0,6.45,0.0,30.0,31888.73,30.0,301,0.24276172788348233,0.22903208649583123,0.21720350798547694,0.3179623151525794,0.3344665778397698,0.3344665778397698,1.0,1.0,0.0,6.45,6.688291739052431,3.408861109511226,0.2632783786899159,0.3637789171188725,0.3693436126765495,9.41624257456411,0.6606990155476358,odom,wheel_odometry,ground_truth,False,29.999999999563443,6.45,0.0,0.3344665778397698,0.2516169344254884,2.4958951613035603,-5.513848571467667e-09,-2.5421566093303543e-06,16,1791334835.5602322,,False,1.5847446918487549,1.5687446920230286,0,0,0.0,0,False,2,2,8,True,2,2,2,1.0,1.0,0.2516169344254884,0.2516169344254884,-222.35496797654113,"{'progress': 62.516413343179266, 'lateral': -116.7682770239124, 'heading': -30.560138129019048, 'impact': -3.2948298998279832, 'body_rate': -0.23293782280182487, 'attitude': 0.0, 'slip': -26.82599791172715, 'smoothness': -0.12600079518603832, 'saturation': 0.0, 'effort': -0.049968238140890506, 'residual_effort': -0.37216115827865326, 'torque_rate': -0.011761837751782469, 'velocity': -0.980538393973936, 'yaw_tracking': -0.4435963144077598, 'goal_braking': -0.2051737949111777, 'time': -14.999999999781721, 'stall': 0.0, 'challenge_entry': 2.0, 'challenge_clear': 8.0, 'challenge_goal': 0.0, 'success_position': 0.0, 'success_heading': 0.0, 'on_time_success': 0.0, 'terminal': -100.0}",30.0,4.3655745685100555e-10,0.019999999985884642,1,1.0,[],55.12447020117239,1.8597760229383546,0.2060327479243644,0.2292623281616895,0.3083131371003567,0.0032354483612759754,0.18631628591895014,0.024426826252307732,0.8179565590038838,6.597683154681523,0.14254678448984007,1.2013529128027816,0.32264608494195324,1.7293027621239419,6.115163990817704,0.7294333488245806,0.653942197561264,0.9861718416213989,0.21649732076106606,"[3.599999999947613, 7.89999999988504, 12.499999999818101]","[8.0, 13.0, 18.0]",False,-7.9999999995634425,22.0,0.018377977709047352,-6.20171123588642e-06,0.0,timeout,16,60015,ppo,1,2,0.026,-1.257131849304984
,6.45,0,0,6.45,0.0,30.0,31919.366,18.299999999999272,184,0.23707070196360097,0.23706932311947548,0.18281319160082454,0.35130088264364295,0.35270002930280164,0.35270002930280164,1.0,1.0,0.0,6.45,6.478827868583577,4.516543056701616,0.13137839920122266,0.2230672775767957,0.1992484130552622,4.013404008636416,0.268044377725085,odom,wheel_odometry,ground_truth,True,18.2999999997337,6.45,0.0,0.35270002930280164,0.3525942917886617,-4.472577289719971,-1.918412793399618e-09,-2.541716751075642e-06,17,1791334875.1230123,18.2999999997337,True,1.868888258934021,1.8360882590393885,0,0,0.0,0,False,2,2,9,True,2,2,2,1.0,1.0,0.3525942917886617,0.3525942917886617,195.087446721856,"{'progress': 57.1569701720974, 'lateral': -17.732045372745997, 'heading': -3.3866167574009305, 'impact': -3.928323944535464, 'body_rate': -0.49891610661756136, 'attitude': 0.0, 'slip': -17.408307441518073, 'smoothness': -0.12202909247821257, 'saturation': 0.0, 'effort': -0.038308486903984154, 'residual_effort': -0.3663596405670664, 'torque_rate': -0.009838193546093629, 'velocity': -0.9536646873879344, 'yaw_tracking': -0.8007584250692313, 'goal_braking': -0.21873029365538166, 'time': -9.14999999986685, 'stall': 0.0, 'challenge_entry': 2.0, 'challenge_clear': 8.0, 'challenge_goal': 90.0, 'success_position': -14.105096869894894, 'success_heading': -1.7596190477499296, 'on_time_success': 8.409090909696136, 'terminal': 100.0}",18.299999999999272,2.6557245291769505e-10,0.01599999999962165,1,1.0,[],82.00442581216187,2.9744190317272223,0.18377563657648138,0.23778465797241163,0.3525942917886617,0.019674511441848546,0.3181356363989325,0.05646442602391786,2.124795860674608,8.031658547904424,0.14685358478465838,1.086137853167572,0.3617112056028681,1.720000000000001,7.925423797321814,0.7581646875605557,0.5547468811273575,0.9917826056480408,0.34541278305908935,"[3.599999999947613, 7.5999999998894054, 11.899999999826832]","[8.0, 13.0, 18.0]",True,3.7000000002663,22.0,0.01842851916492802,-1.5235407883811484e-05,0.0,success,17,60016,ppo,1,2,0.026,0.22121487838510268
,6.45,0,0,6.45,0.0,30.0,31938.308,22.399999999997817,225,0.15538629197880308,0.15365581593898353,0.13541776551325085,0.19829556724540545,0.20613727847390304,0.20613727847390304,1.0,1.0,0.0,6.45,6.545002972971114,2.2183062753547227,0.07677244518505419,0.095018809289403,0.19860421478303217,1.0977942506328877,0.3844265602738765,odom,wheel_odometry,ground_truth,True,22.399999999674037,6.45,0.0,0.20613727847390304,0.18690911476769972,-0.6245898919887894,-3.5016039982748443e-10,-2.541527935990424e-06,18,1791334900.3360066,22.399999999674037,True,1.8991646766662598,1.8895646767967265,0,0,0.0,0,False,2,2,10,True,2,2,2,1.0,1.0,0.18690911476769972,0.18690911476769972,199.43362137181313,"{'progress': 69.37773435960206, 'lateral': -7.415855139296902, 'heading': -0.30946078446005126, 'impact': -4.390852885118733, 'body_rate': -0.43182175244894083, 'attitude': 0.0, 'slip': -30.152110594968093, 'smoothness': -0.07758771189797932, 'saturation': 0.0, 'effort': -0.04562591794110874, 'residual_effort': -0.36599620572734065, 'torque_rate': -0.007976731754015257, 'velocity': -1.0558992495721058, 'yaw_tracking': -0.2667196524642709, 'goal_braking': -0.1840173017040749, 'time': -11.199999999837019, 'stall': 0.0, 'challenge_entry': 2.0, 'challenge_clear': 8.0, 'challenge_goal': 90.0, 'success_position': -14.039782247183044, 'success_heading': -0.00040681341531665597, 'on_time_success': 0.0, 'terminal': 100.0}",22.399999999997817,3.2378011383116245e-10,0.01599999999962165,1,1.0,[],62.15636985978613,2.109190431412015,0.1344458773584017,0.15390935553417315,0.18690911476769972,0.0064190025830701426,0.28176834269128076,0.0426455271255476,0.6603067615911212,10.346912137870765,0.18065340928674245,1.1865320693869656,0.356797503554737,1.6003609620379593,5.591792362796761,0.7466058763010162,0.6174704879522324,1.0,0.28313181646717045,"[3.599999999947613, 7.499999999890861, 12.299999999821011]","[8.0, 13.0, 18.0]",False,-0.3999999996740371,22.0,0.01823174291643886,-2.6448290683510524e-07,0.0,success,18,60017,ppo,1,2,0.026,-0.058883675955123234
,6.45,0,0,6.45,0.0,30.0,31961.348,30.0,301,0.1694274197213294,0.1479338802105814,0.14902447413269143,0.26568032434430544,0.2921366035612375,0.2538355739776072,1.0,1.0,0.0,6.45,6.701258090782592,5.277706900217128,0.15363779687281706,0.21714245682586028,0.22684691264018525,6.506407359479664,0.3741456336271967,odom,wheel_odometry,ground_truth,False,29.999999999563443,6.45,0.0,0.2538355739776072,0.11952066806420407,5.333746394793859,-3.870524788011417e-09,-2.5417328485244425e-06,19,1791334929.761048,,False,1.7429606914520264,1.7197606916262884,0,0,0.0,0,False,2,2,10,True,2,2,2,1.0,1.0,0.11952066806420407,0.11952066806420407,-126.79896807691358,"{'progress': 67.87343502110271, 'lateral': -39.52265057639597, 'heading': -14.593808216525852, 'impact': -4.511665940676433, 'body_rate': -0.7390003916722486, 'attitude': 0.0, 'slip': -27.997306018167855, 'smoothness': -0.12276274055315745, 'saturation': 0.0, 'effort': -0.043792815594053784, 'residual_effort': -0.3647471198063896, 'torque_rate': -0.013206260970321827, 'velocity': -1.0103254206825416, 'yaw_tracking': -0.5104315477506922, 'goal_braking': -0.24270604943901566, 'time': -14.999999999781721, 'stall': 0.0, 'challenge_entry': 2.0, 'challenge_clear': 8.0, 'challenge_goal': 0.0, 'success_position': 0.0, 'success_heading': 0.0, 'on_time_success': 0.0, 'terminal': -100.0}",30.0,4.3655745685100555e-10,0.018000000000029104,1,1.0,[],242.70768107617477,6.386404352152272,0.12881876496307226,0.1480143289155322,0.2921366035612375,0.008142714162910757,0.20101730076651916,0.03984640697979492,0.9534698981337787,9.711938856269999,0.1479976492130049,1.1717054119007688,0.30205137392327763,1.692275087045705,6.293836705988438,0.7303845487535,0.5945510119199753,1.0,0.21838478393022281,"[3.599999999947613, 7.499999999890861, 12.099999999823922]","[8.0, 13.0, 18.0]",False,-7.9999999995634425,22.0,0.01841616048773225,4.204610718975974e-07,0.0,timeout,19,60018,ppo,1,2,0.026,-0.8076710358488763
,6.45,0,0,6.45,0.0,30.0,31991.984,30.0,301,0.12018864652561362,0.08549277742571296,0.09977719825221149,0.21657432157862733,0.23227674005414925,0.23227674005414925,1.0,1.0,0.0,6.45,6.697794634191628,4.406762807933744,0.17548178940216264,0.22204574895171872,0.2659329039409081,2.8542603816433014,0.41344923781906734,odom,wheel_odometry,ground_truth,False,29.999999999563443,6.45,0.0,0.23227674005414925,0.043474103843475276,4.331002271549553,1.0891803597419324e-09,-2.5414080371728804e-06,20,1791334969.540568,,False,1.762178659439087,1.7237786596146178,0,0,0.0,0,False,2,2,10,True,2,2,2,1.0,1.0,0.043474103843475276,0.043474103843475276,-154.57619768532828,"{'progress': 62.24782220987602, 'lateral': -51.853518198094726, 'heading': -2.8073801148563007, 'impact': -3.791504937037834, 'body_rate': -1.0905890539034797, 'attitude': 0.0, 'slip': -50.12576717460616, 'smoothness': -0.11078889437085322, 'saturation': 0.0, 'effort': -0.062197704141087225, 'residual_effort': -0.3779814156138855, 'torque_rate': -0.008912547925067986, 'velocity': -1.0162926812876738, 'yaw_tracking': -0.4387692431775075, 'goal_braking': -0.14031793040806131, 'time': -14.999999999781721, 'stall': 0.0, 'challenge_entry': 2.0, 'challenge_clear': 8.0, 'challenge_goal': 0.0, 'success_position': 0.0, 'success_heading': 0.0, 'on_time_success': 0.0, 'terminal': -100.0}",30.0,4.3655745685100555e-10,0.01599999999598367,1,1.0,[],64.35671730717644,2.431698697088136,0.067286188375865,0.08551119802772876,0.2235478546404226,0.006277377953409574,0.21143775733981598,0.04842336205272119,0.8333173882220881,10.977936286505408,0.20115478516129437,1.2474866742713389,0.3599702075114234,1.7425945893182282,6.036283908220362,0.7354649533579747,0.5957999229431152,1.0,0.21048884088924819,"[3.599999999947613, 7.499999999890861, 13.999999999796273]","[8.0, 13.0, 18.0]",False,-7.9999999995634425,22.0,0.01861348714591545,5.171032919192351e-06,0.0,timeout,20,60019,ppo,1,2,0.026,1.5349090492624908
,6.45,0,0,6.45,0.0,30.0,32022.622,30.0,301,0.21498858286241063,0.19817049997631567,0.1930009262189104,0.2882638449403738,0.30700695360604907,0.30700695360604907,1.0,1.0,0.0,6.45,6.6934122571854004,3.3233069847433128,0.16468485070183383,0.23637430886239166,0.2495299239460863,6.052366486866232,0.4534995746113952,odom,wheel_odometry,ground_truth,False,29.999999999563443,6.45,0.0,0.30700695360604907,0.20838664880629149,2.4399182569426188,-3.631851583133333e-09,-2.541650107551314e-06,21,1791335009.5102384,,False,1.740601658821106,1.7286016589947395,0,0,0.0,0,False,2,2,10,True,2,2,2,1.0,1.0,0.20838664880629149,0.20838664880629149,-118.2587486832242,"{'progress': 68.0457562484237, 'lateral': -44.61400440063246, 'heading': -12.62821405751981, 'impact': -4.155285050393435, 'body_rate': -0.5952136924923543, 'attitude': 0.0, 'slip': -17.307389562840836, 'smoothness': -0.07489032025640037, 'saturation': 0.0, 'effort': -0.040029336509461756, 'residual_effort': -0.36211151126087204, 'torque_rate': -0.006470980231540147, 'velocity': -0.8841330457093428, 'yaw_tracking': -0.3799415335498484, 'goal_braking': -0.25682144046990657, 'time': -14.999999999781721, 'stall': 0.0, 'challenge_entry': 2.0, 'challenge_clear': 8.0, 'challenge_goal': 0.0, 'success_position': 0.0, 'success_heading': 0.0, 'on_time_success': 0.0, 'terminal': -100.0}",30.0,4.3655745685100555e-10,0.00999999999839929,1,1.0,[],201.94954556909323,7.423669676691584,0.17894839985389635,0.1983530238065417,0.27718439757245933,0.0027067684257822346,0.19609519574216025,0.03905485145295523,0.4543147531891868,8.699103303680504,0.11496738465261722,1.1890647814353026,0.2887809742046597,1.620000000000001,5.641083523032072,0.7282117359836896,0.6307830065488815,1.0,0.21870053863661454,"[3.599999999947613, 7.499999999890861, 11.799999999828287]","[8.0, 13.0, 18.0]",False,-7.9999999995634425,22.0,0.01830556553219643,-1.7422931724818044e-07,0.0,timeout,21,60020,ppo,1,2,0.026,-1.6515006796402556
,6.45,0,0,6.45,0.0,30.0,32053.252,17.299999999999272,174,0.21318226192987477,0.21318226192987477,0.17067097891091723,0.30664360339089874,0.30741341638207836,0.3076178528295549,0.9982615266143804,0.9982615266143804,0.0,6.45,6.451593354098533,3.433165641077469,0.023726865325411465,0.0431214104551718,0.19862697076450886,0.8099353488126871,0.34201288272359825,odom,wheel_odometry,ground_truth,True,17.299999999748252,6.438786846662754,0.011213153337246595,0.3076178528295549,0.30741341638207836,-2.6503681564547086,-6.802647427250718e-10,-2.5415608618119266e-06,22,1791335049.1540782,17.299999999748252,True,1.9766122102737427,1.9518122103749191,0,0,0.0,0,False,2,2,11,True,2,2,2,1.0,1.0,0.30741341638207836,0.30741341638207836,224.21652892564492,"{'progress': 72.62167854917047, 'lateral': -0.5463781446516829, 'heading': -0.13047079225034428, 'impact': -4.126231874045967, 'body_rate': -0.8020182416548438, 'attitude': 0.0, 'slip': -28.833541372672407, 'smoothness': -0.07040176593162835, 'saturation': 0.0, 'effort': -0.04544886998659958, 'residual_effort': -0.36200220962661345, 'torque_rate': -0.009161032970057941, 'velocity': -0.95188966695905, 'yaw_tracking': -0.21586988084168296, 'goal_braking': -0.21057745101358427, 'time': -8.649999999874126, 'stall': 0.0, 'challenge_entry': 2.0, 'challenge_clear': 8.0, 'challenge_goal': 90.0, 'success_position': -14.04209040923907, 'success_heading': -0.09088609419818165, 'on_time_success': 10.681818182390336, 'terminal': 100.0}",17.30000000000291,2.546585164964199e-10,0.00999999999839929,1,1.0,[],129.56371688866764,5.530606264669115,0.17155945699293915,0.21382190459378336,0.30741341638207836,0.0032683908573273635,0.359842148178272,0.0744978712245161,0.8371028079319768,9.627942257100024,0.19990292859336767,1.165999431634372,0.4052084580344393,1.740000000000001,5.648866742109999,0.7629574398601675,0.6488189697265625,1.0,0.3616507046569603,"[3.599999999947613, 7.499999999890861, 12.099999999823922]","[8.0, 13.0, 18.0]",True,4.700000000251748,22.0,0.01847974850736975,-5.902170210715037e-06,0.0,success,22,60021,ppo,1,2,0.026,0.8817688930997685
,6.45,0,0,6.45,0.0,30.0,32071.188,30.0,301,0.21578706116894458,0.1988401572887272,0.1848836849919843,0.32677981582462934,0.34616234645439137,0.34616234645439137,1.0,1.0,0.0,6.45,6.686399357453139,4.84298485128927,0.18586250860653125,0.2525727283554756,0.25789780368595666,6.371032356646807,0.19662278845516024,odom,wheel_odometry,ground_truth,False,29.999999999563443,6.45,0.0,0.34616234645439137,0.26234468508811326,-5.7197191112535215,3.1373775384285086e-09,-2.5417872993183084e-06,23,1791335072.6980798,,False,1.7114777565002441,1.672277756674157,0,0,0.0,0,False,2,2,11,True,2,2,2,1.0,1.0,0.26234468508811326,0.26234468508811326,-145.9070498456909,"{'progress': 66.53569102954722, 'lateral': -58.17072492325619, 'heading': -13.992553635996778, 'impact': -3.9662023398549993, 'body_rate': -0.8668888321721844, 'attitude': 0.0, 'slip': -28.22900051737771, 'smoothness': -0.07511170655240025, 'saturation': 0.0, 'effort': -0.04102518575850839, 'residual_effort': -0.36732968154354856, 'torque_rate': -0.006995065310001796, 'velocity': -0.9435962444382259, 'yaw_tracking': -0.5706594840284004, 'goal_braking': -0.2126532591673481, 'time': -14.999999999781721, 'stall': 0.0, 'challenge_entry': 2.0, 'challenge_clear': 8.0, 'challenge_goal': 0.0, 'success_position': 0.0, 'success_heading': 0.0, 'on_time_success': 0.0, 'terminal': -100.0}",30.0,4.3655745685100555e-10,0.018000000000029104,1,1.0,[],12.006540284581058,0.844671815329472,0.17287578628653325,0.1991283908443638,0.26234468508811326,0.007991353146786782,0.2067292393938926,0.04449583373953036,0.44474608113682357,10.728302017797793,0.1429345193703713,1.0056435435466944,0.2923510509612305,1.5949054209692382,5.61306482324724,0.7269473079840342,0.6328417956829071,1.0,0.2149573170691662,"[3.599999999947613, 7.499999999890861, 11.799999999828287]","[8.0, 13.0, 18.0]",False,-7.9999999995634425,22.0,0.018355916821181366,-9.315694420296076e-07,0.0,timeout,23,60022,ppo,1,2,0.026,1.675375819799604
,6.45,0,0,6.45,0.0,30.0,32101.824,30.0,301,0.19206796138730975,0.1744160061740656,0.17053202153906538,0.28947830151299203,0.3261806632229746,0.2706238814276354,1.0,1.0,0.0,6.45,6.702057477574699,6.225849744796029,0.5728759815327013,0.7936218300100614,0.8445726951963688,20.822298366061755,1.073360806592503,odom,wheel_odometry,ground_truth,False,29.999999999563443,6.45,0.0,0.2706238814276354,0.15760683968919517,6.436253150871138,-1.151807981326727e-08,-2.5442210699078044e-06,24,1791335111.7088952,,False,1.1014177799224854,1.087817780097248,0,0,0.0,0,False,2,2,11,True,2,2,2,1.0,1.0,0.15760683968919517,0.15760683968919517,-785.8397861692736,"{'progress': 54.014891536901814, 'lateral': -536.0118923146504, 'heading': -149.4805100396169, 'impact': -3.7655181138008853, 'body_rate': -0.26589023102633286, 'attitude': 0.0, 'slip': -42.745989114928626, 'smoothness': -0.10315400769150344, 'saturation': 0.0, 'effort': -0.06139815533818061, 'residual_effort': -0.37470294765530826, 'torque_rate': -0.012339498844563002, 'velocity': -0.9953898091602945, 'yaw_tracking': -0.9238060930473159, 'goal_braking': -0.1140873806331673, 'time': -14.999999999781721, 'stall': 0.0, 'challenge_entry': 2.0, 'challenge_clear': 8.0, 'challenge_goal': 0.0, 'success_position': 0.0, 'success_heading': 0.0, 'on_time_success': 0.0, 'terminal': -100.0}",30.0,4.3655745685100555e-10,0.013999999999214197,1,1.0,[],98.44151503181253,3.5935385783147082,0.1545424704646027,0.17453464718952644,0.3261806632229746,0.014226878180831199,0.1628871753052021,0.026561180804444494,0.6479535514313635,6.375819807512313,0.18146334531811145,1.1536816262554312,0.35764902295836204,1.7168186122330886,5.727075118222107,0.7319498400390149,0.6347531825304031,0.9096112847328186,0.21352318985147117,"[3.599999999947613, 7.69999999988795, 18.2999999997337]","[8.0, 13.0, 18.0]",False,-7.9999999995634425,22.0,0.018415248835006802,1.423395125473459e-07,0.0,timeout,24,60023,ppo,1,2,0.026,-0.9224294087549719
