seed,ppo_success,ppo_termination,ppo_truth_path_rmse_m,ppo_truth_endpoint_error_m,ppo_odom_truth_position_error_m,ppo_time_seconds,ppo_rms_wheel_slip,ppo_rms_vertical_acceleration_m_s2,pi_success,pi_termination,pi_truth_path_rmse_m,pi_truth_endpoint_error_m,pi_odom_truth_position_error_m,pi_time_seconds,pi_rms_wheel_slip,pi_rms_vertical_acceleration_m_s2
60000,True,success,0.14559197433208262,0.19959923572229624,0.2926895081665177,23.49999999965803,0.13010879893292482,4.348447567731714,True,success,0.020286453398004767,0.1999897426587661,0.28311051892374905,19.899999999710417,0.19873927509608702,1.1620592644758825
60001,True,success,0.06930702422923878,0.19887097111472668,0.40020579802105616,20.499999999701686,0.17334078378941925,5.000491842153494,True,success,0.041784079920190016,0.19748081864260497,0.2791950177683121,22.099999999678403,0.23935036395758236,1.0185081570184336
60002,False,timeout,0.4286313232802435,0.6098642863214738,0.7957964866074118,29.999999999563443,0.13156455227266364,0.9367611974779653,True,success,0.014364820214299589,0.19607970723434823,0.12050040600140151,17.999999999738066,0.13102493162360787,1.7797340158157042
60003,True,success,0.05003225130175888,0.19906513734589093,0.33773394200670437,16.19999999976426,0.1844080650977062,4.18415808560673,True,success,0.041207421960426954,0.19780490660611239,0.3092308770345898,20.299999999704596,0.18543022624269967,1.150748446503443
60004,False,timeout,0.3548265221918183,0.49138667319570045,0.8507421507114706,29.999999999563443,0.1389101417733749,1.2334098708538903,True,success,0.021338666886804802,0.19754511840094624,0.25496007356241585,20.79999999969732,0.19755411781751545,6.283507962539526
60005,True,success,0.07715500754014601,0.19732095235877908,0.38172164698699396,13.799999999799184,0.12878730773240687,8.279113346992014,True,success,0.06707313893059905,0.1968977779582509,0.729191718449071,18.999999999723514,0.16473818885039304,3.8305186720990916
60006,True,success,0.08047035619992153,0.19993670820694126,0.4064393404249906,24.699999999640568,0.20286972913997287,5.241235584017835,True,success,0.04495492067344536,0.19732788957404246,0.36048726825373084,22.099999999678403,0.20793538439031822,2.283737357338742
60007,False,timeout,0.29486419469675634,0.4689162255629503,0.5218246220874216,29.999999999563443,0.21737003052289866,2.1396132467348594,True,success,0.012234943642214812,0.19860333223683593,0.30508909116312494,19.09999999972206,0.16389527407871052,3.195421269179966
60008,True,success,0.12003635555284571,0.19943846868101953,0.3233974616513651,24.899999999637657,0.12499741614475691,2.4967564198082477,True,success,0.019368133222837723,0.19895137712221442,0.5729505360850011,21.1999999996915,0.22390988583015034,2.568719003427822
60009,False,timeout,0.15560824102873191,0.2252310530493353,0.2125261694523763,29.999999999563443,0.12366989308957693,5.955454459493917,False,timeout,0.018368196081844406,0.2979316840897902,0.26298668154589033,29.999999999563443,0.1647813852426638,2.949047166667586
60010,False,timeout,0.4410020612319007,0.6277559471412003,0.7905103658273832,29.999999999563443,0.12298941544929513,5.6643825467030045,True,success,0.019354163338055258,0.19986343230165624,0.1662475329134489,18.89999999972497,0.1502914318197575,3.205743934428655
60011,False,timeout,0.19106145677101183,0.25735792831972926,0.5382789196551039,29.999999999563443,0.13693467832080072,3.054713196866792,True,success,0.02383652559589642,0.19555004544424084,0.3669712017864776,19.199999999720603,0.1492081008887146,0.901135273410544
60012,False,timeout,0.25263353546573214,0.366559087189935,0.41317335268820765,29.999999999563443,0.08836545671852748,2.4711646349146,True,success,0.018698076119876197,0.19944604273464728,0.32258222568420714,20.699999999698775,0.22749533231249738,0.9112219608694427
60013,True,success,0.12043398559631746,0.19997871486043528,0.3386303516901279,21.899999999681313,0.165084738436364,1.5577699518367647,True,success,0.031009488426590327,0.19923185042232922,0.2773724019416281,21.39999999968859,0.21540514241900252,7.493152539476318
60014,True,success,0.09774471660848336,0.19973211158347703,0.21239194097511274,20.19999999970605,0.1367802823305592,2.871566263564518,True,success,0.005508956075482739,0.19750113699508787,0.2856007127075618,19.899999999710417,0.19956459671243648,7.30625986611203
60015,False,timeout,0.2632783786899159,0.3693436126765495,0.6606990155476358,29.999999999563443,0.14254678448984007,1.8597760229383546,True,success,0.04897655641678748,0.19707915480739013,0.3458378374890133,21.299999999690044,0.22585186734239426,1.3180654855191203
60016,True,success,0.13137839920122266,0.1992484130552622,0.268044377725085,18.2999999997337,0.14685358478465838,2.9744190317272223,True,success,0.013678011767603632,0.19733889972902438,0.2605522762977226,18.999999999723514,0.1582650231939194,7.390347077340279
60017,True,success,0.07677244518505419,0.19860421478303217,0.3844265602738765,22.399999999674037,0.18065340928674245,2.109190431412015,True,success,0.013340257086521689,0.19966221130607315,0.3165253070371462,20.099999999707507,0.17473944201240316,7.367409623455388
60018,False,timeout,0.15363779687281706,0.22684691264018525,0.3741456336271967,29.999999999563443,0.1479976492130049,6.386404352152272,True,success,0.010717814856305793,0.1966075140813132,0.4357402374814357,20.499999999701686,0.18964242686995486,4.198400468264204
60019,False,timeout,0.17548178940216264,0.2659329039409081,0.41344923781906734,29.999999999563443,0.20115478516129437,2.431698697088136,True,success,0.04438180521275388,0.19954409560723366,0.1940829622274036,19.899999999710417,0.1799038460867099,0.8654655037067581
60020,False,timeout,0.16468485070183383,0.2495299239460863,0.4534995746113952,29.999999999563443,0.11496738465261722,7.423669676691584,True,success,0.08179684519292033,0.19945413815644059,0.38854606551503135,21.79999999968277,0.18020942445464896,3.0078144362029082
60021,True,success,0.023726865325411465,0.19862697076450886,0.34201288272359825,17.299999999748252,0.19990292859336767,5.530606264669115,True,success,0.0386560731038082,0.19731674330044746,0.36991013135167233,21.099999999692955,0.21124297795892946,6.854480198457388
60022,False,timeout,0.18586250860653125,0.25789780368595666,0.19662278845516024,29.999999999563443,0.1429345193703713,0.844671815329472,True,success,0.08558938484357001,0.19786790655116582,0.21088156789702056,20.99999999969441,0.18778843731627526,1.1355160825536672
60023,False,timeout,0.5728759815327013,0.8445726951963688,1.073360806592503,29.999999999563443,0.18146334531811145,3.5935385783147082,True,success,0.03951282813882831,0.19856495339979235,0.4520873670465562,24.199999999647844,0.2439849622179603,1.0330600238128638
